Class,Precision,Recall,F1,Support
Real,0.8754863813229572,0.9467040673211781,0.9097035040431267,1426
Fake,0.9402985074626866,0.8617710583153347,0.8993238166791886,1389
